Relation,AUROC,AUPRC,AP@50
C0005779,0.48226786856863263,0.4986560732546139,0.3629418855181201
C0011991,0.49471408040293763,0.49287707827542715,0.12897655212878328
C0011860,0.4925574930957876,0.4962974902781879,0.2549979850903065
C0038395,0.5342021266050317,0.5492941277918171,0.48624398991056006
C1145670,0.5030863677159232,0.5118458444288428,0.4657775920464997
C0012833,0.5166094944204116,0.5125980700185309,0.23251253787240592
C0520474,0.5038888321195005,0.5164010573841451,0.37149611089683643
C0021400,0.49748622589531677,0.49747126907684547,0.2345778183206403
C0024902,0.5209533820493661,0.5098994665636196,0.24786296877564948
C0043144,0.5031322432687931,0.49832235692079146,0.2854335501938985
C0085682,0.47671964939005357,0.5019737972482139,0.3530807312682283
C0020676,0.5048404712002222,0.4999119900724162,0.16884946729201122
C0151825,0.5082043650793651,0.5076801706027555,0.2610839935256017
C0013604,0.48380707841285664,0.49785701366104596,0.44894438687025384
C0042571,0.48866959064327486,0.503381816272571,0.2655600228579294
C0009782,0.5214493960849645,0.5221244685608111,0.2953851480109461
C0008325,0.5235054184643527,0.5156670339165198,0.2696180322783177
C0013144,0.49723141820287214,0.5008281947852502,0.29166635098281063
C0013362,0.5153243431067915,0.5159252069481395,0.43136319652333893
C0031046,0.48950319009194976,0.4793022670111189,0.16061268797449446
C0043246,0.49892902682772095,0.4989392528091075,0.2089479186720676
C0151908,0.48632803663953117,0.5025156577617016,0.2855001398056482
C0231807,0.4688719469483653,0.48082668174920096,0.25525687746478615
C0026946,0.4995025960017661,0.5158709019695474,0.43572925323833417
C0162297,0.470307390631145,0.492411701785146,0.3555680282241322
C0235946,0.4922883002748551,0.49426836587561085,0.21343584102572577
C0030554,0.5271506021483612,0.5293072055867462,0.35886771318304655
C0040034,0.48622474433383867,0.4969243158901925,0.3818111731513475
C0032285,0.49009215265649947,0.490295126651567,0.31887301681294916
C0151723,0.4813055852617697,0.48569330675452016,0.1595737279627162
C0036983,0.5327134520383077,0.5357417280376966,0.4579742475446962
C0025286,0.48283418553688817,0.49395419418565856,0.25358506209009346
C0027121,0.4917406506158178,0.49942123469336497,0.2624746155543366
C0027022,0.422707100591716,0.5050694294555035,0.24326709921049655
C0013384,0.49979837480255485,0.49503008289443173,0.18449146791559567
C0016436,0.505825859755667,0.5409272777305794,0.3713065091156117
C0004610,0.4761289462594921,0.48788378370289676,0.30824401406647906
C0003873,0.49830420503458706,0.5093361968085519,0.39126669473957576
C0575090,0.5126440690737322,0.516426636583143,0.35357219097855075
C0442874,0.4766789465660707,0.4849476396322712,0.26906286119762945
C0678222,0.4915923374103153,0.49279195368861517,0.24993291926988748
C0700594,0.5240989084428603,0.5176816755483191,0.2770062937255904
C0011849,0.5065977166646889,0.5151305179730467,0.3384951818207849
C0024141,0.534456200600995,0.5229913676975296,0.3093859907871076
C0042029,0.5060088060752428,0.5122258807419078,0.321168039131491
C0027497,0.5007242298743917,0.5038961974194907,0.2624303314975356
C0262385,0.5297509121210756,0.5283266568376819,0.3283403930066018
C0002622,0.49810874704491725,0.5085411577377039,0.3639630879269632
C0917801,0.5080311266115771,0.5001878622429685,0.2764211529287084
C0020615,0.48333801067724713,0.4843211652296383,0.1280369376541829
C0011168,0.49880548852307965,0.5046355643318547,0.3642923073925731
C0008033,0.505640115576087,0.5086704139042126,0.2649900432426342
C0011615,0.5176383483102046,0.5036072330896719,0.13241094179807525
C0042487,0.5117087361968936,0.5134513867834554,0.3794063128033842
C0017152,0.4993027045597165,0.5052269730962682,0.2803870322422528
C0009806,0.495553228850119,0.49519279181816667,0.3034674700564018
C0036689,0.5157028066998641,0.5374288062439618,0.3796247998783751
C0026650,0.5002655828935378,0.5061086073622956,0.2982918611497466
C0042909,0.487087427563618,0.5281288163175688,0.33656274217467186
C0038362,0.5087658520198203,0.5158778684566069,0.32065891109368555
C0029408,0.49574860988953656,0.4930151760895775,0.20334305701912808
C0037315,0.5068159671119078,0.5097251799211144,0.3216716276993
C0033687,0.4973786268313703,0.49368699976750585,0.219072859749734
C0012569,0.5134082796099952,0.5174220065279291,0.38086825502986527
C0035309,0.5197320824289948,0.5136902010400899,0.25811983672597916
C0016977,0.48221191850334466,0.48867561784059954,0.19202899877982724
C0013473,0.5150267015858089,0.5155790241563555,0.274114193179221
C0004144,0.49804475275062826,0.5011910726405544,0.2707516132259683
C0018681,0.4968230496633719,0.5009249539723559,0.40068309862764173
C0008350,0.5055099871856941,0.49812361041698194,0.14578185023540688
C0027051,0.49967126890203817,0.5062475965808908,0.36996295615902897
C0030794,0.4774134948096886,0.4887201901287592,0.2452848322073768
C0004238,0.5009392905225587,0.5039603668076584,0.25451128624529884
C0005697,0.5166587901701323,0.4969270386244108,0.17897828294873594
C0011606,0.48641291810841986,0.489959233743317,0.21180700862434612
C0020517,0.505344416165429,0.5101693378503696,0.285232575175962
C0011175,0.4896036292864779,0.49424901104403496,0.2176235703269363
C0030193,0.4853013777769997,0.4887321174307975,0.22719103026204884
C0152031,0.514302696904072,0.5066070838989856,0.24531475074290174
C0004604,0.5018744733511595,0.4994923697784592,0.2379996784786931
C0030196,0.5090355776757658,0.5156476389185263,0.4000615816321789
C0039239,0.5124572335410394,0.529514021592449,0.5373039922055125
C0018808,0.5176316257018456,0.5282900178582133,0.41201821295187513
C0018524,0.47811552633996474,0.4819578913541643,0.2039240534863319
C0039070,0.5054508206069718,0.5068529768993466,0.23838708889077154
C0019079,0.5016748186878057,0.4952951628699893,0.2201613465400917
C0031039,0.5298825763668723,0.5220877850311951,0.2615869502929804
C0035854,0.4799659900095653,0.4915251277161523,0.20672520531924715
C0011882,0.4993583723984152,0.5145987311919502,0.34973486606196247
C0000731,0.5069263591145814,0.5191945900081619,0.3450170210949019
C0009676,0.4976962762752038,0.5019421696640727,0.3171567743914983
C0005758,0.49037763539957074,0.4943533874002375,0.2418368170277745
C0043117,0.44312173943489375,0.46542697306209635,0.16276672860154331
C0344232,0.5119422381707864,0.5031862315316623,0.22666552335498313
C0018944,0.4983079625430045,0.5151273610777947,0.3906858425603823
C0019360,0.4828298529064272,0.4935954648673074,0.2429305923351784
C0221245,0.5058263971462544,0.5411616398391648,0.38465121734638236
C0025345,0.5171921232527292,0.49758955286352474,0.2515668507289619
C0003850,0.4913597676807677,0.493140133387876,0.25092723555140245
C0011848,0.4594823100936525,0.4624608307408735,0.16364613823303947
C0004096,0.49208872086709965,0.4969118673790662,0.2913671074788669
C0000833,0.4973657440444559,0.5045531754870745,0.27967685834747497
C0030446,0.5246258739844402,0.5222836687369461,0.27336512806353974
C0036974,0.48439471847725185,0.4958629474390815,0.2710379928880397
C0026764,0.5208026537714842,0.52603741351433,0.3271811786574485
C0003123,0.49044604680490056,0.4907117008403776,0.20720141387889401
C0034212,0.5030870051680963,0.5132698194292478,0.3515942599319953
C0037199,0.4861289723365342,0.4934624733262849,0.23238219398567975
C0575081,0.48893302662963434,0.49082442234892887,0.2866636460100872
C0162283,0.5021499596882559,0.5522585116929148,0.4187148597338298
C0152025,0.46970804452846043,0.4854598005142753,0.26085608626477863
C0020456,0.49229376412720127,0.4966473585352655,0.3468793986320944
C0033860,0.53383312303686,0.5422109743234328,0.4016775987375004
C0162429,0.49906711006229865,0.4994923224046113,0.207160478647705
C0002871,0.5015648899902829,0.5064718205301345,0.3845705934400694
C0006277,0.48712993050340625,0.4921708906763468,0.20905612757903838
C0263912,0.5079364084893101,0.5246043159461595,0.4284266251934347
C0042510,0.5033563425546219,0.5116397835084202,0.23939223580668215
C0010200,0.4949886444799332,0.5028423613856061,0.30530785237440683
C0009421,0.4854779057128472,0.4866985024298638,0.17585306094849254
C0243026,0.4989654284304924,0.5038064201232783,0.3268921390281965
C0027651,0.5116988201530612,0.5165970477706541,0.30126708699254395
C0019158,0.5192495958837056,0.5190970124835019,0.3088959233760176
C0035455,0.5113869077042581,0.5064255697923234,0.2545224805178532
C0242422,0.4719781992900427,0.4883989029116518,0.22188879020863425
C0022104,0.521720165927825,0.5292824577820128,0.3912942874903856
C0151766,0.5201653990622835,0.5214294168570567,0.40727691328287446
C0015469,0.5279127524025483,0.5236863043895068,0.2630587060710299
C0027343,0.4912533640907343,0.49801481170528616,0.20431614513000906
C1260880,0.5138214933264175,0.5276339291751377,0.4101335396018159
C0020542,0.49220624774363436,0.49529071815402653,0.3076291921640667
C0042024,0.49313202889761354,0.49427365511511456,0.15663243073937202
C0011616,0.49886811827580574,0.49725234975801935,0.2317682707224635
C0040822,0.5069636677368657,0.5060475749375715,0.4078687140798226
C0267596,0.4936406284555409,0.49661705967482594,0.23364433222970615
C0013404,0.49512521796786696,0.4985260702664038,0.36235710814196564
C0039240,0.5190577214334591,0.5448288825153857,0.5502851731172692
C0005745,0.5151345422296902,0.5144081694987344,0.3055771176752504
C0149931,0.47693852177504314,0.4854319732458052,0.2730743228879351
C0242184,0.494065291472876,0.49449133742324136,0.3056972545805139
C0085593,0.49700072727272726,0.4963852257493175,0.24912952816111297
C0024437,0.5099640908966311,0.49804396111985,0.2160860681440592
C0178415,0.501301944946328,0.5149188789904129,0.33956786663185334
C0009376,0.49817564508827533,0.5009806094528793,0.27833975743459904
C0017601,0.49734730299020263,0.50508832124351,0.3269708365699824
C0080274,0.4828435454485811,0.49233090172370364,0.2784288668422978
C0013428,0.486105331239266,0.5075126419823333,0.3370587998255047
C0027769,0.48586935492381383,0.4795680393961206,0.11469514403245283
C0017181,0.5048368360520119,0.5106535417490249,0.35066344669169447
C0029927,0.49373737373737375,0.5133327035275368,0.34105643365962246
C0029443,0.5007157854552395,0.5182520730891682,0.4134052581104667
C0221776,0.4995754722870806,0.49710004848974887,0.24085100753804714
C0010692,0.5031156271242445,0.5092676939132312,0.305114796534074
C0423798,0.4952244034635468,0.4992179207400216,0.2424038027419158
C0009938,0.5030333173427115,0.5008930041893698,0.16815602597347973
C0013295,0.49097016765286,0.4945966722114198,0.25106960385929894
C0151786,0.5095043248960542,0.5139028646551499,0.2890601801882835
C0013182,0.48505529074439335,0.49267608000821017,0.2683794651635107
C0039503,0.5085066162570888,0.5126496184388208,0.2582548807956637
C0043096,0.5037314753893132,0.5157260468939644,0.5240925216015163
C0037299,0.4792394931715521,0.49643081815145185,0.3100007422357456
C0024103,0.5038399171208504,0.5206665903205012,0.37577441425358765
C0031350,0.4736534989210376,0.48499848602939116,0.2314442071095122
C0016053,0.5044073493463705,0.5098522852918125,0.24881816075805088
C0039231,0.49692797231271674,0.4910494662344803,0.11886590722658835
C0007787,0.5019623872121795,0.5042618393943246,0.3095806425617013
C0018418,0.5038910897062077,0.497488343371964,0.20412144197684476
C0020649,0.4819143127264869,0.4921334996477717,0.4107480267083977
C0035222,0.5468800149390476,0.531758551068332,0.22531230230537713
C0033036,0.48496675227535485,0.4890642721299664,0.255582030721778
C0398353,0.5040718167769269,0.506531825725631,0.21921910398356753
C0023646,0.5099168975069253,0.5104825972342562,0.22292847006674754
C0018802,0.5069510081915565,0.5036401894325622,0.21711687523909895
C0149521,0.5415569698495913,0.5378479002712643,0.2673709208486301
C0024299,0.4997862590198694,0.5066013489607583,0.26438781689856194
C1442903,0.5418525144593668,0.5328650073740218,0.24059173280165352
C0085615,0.4992204078463848,0.5070566173354563,0.31415146895093665
C0011609,0.483506820326575,0.4904101314731355,0.22666747194101333
C0019348,0.4987895262163138,0.500295370656529,0.25197082391554615
C0027404,0.49283693847219984,0.49561424810996124,0.2823193174563527
C0036454,0.48779096430688695,0.49051238464807995,0.23514381222508646
C0020557,0.516456278763971,0.5148366180165195,0.2763875421708752
C0700200,0.4875950505063117,0.5043397706888627,0.29263524521175865
C0042963,0.49551545494327615,0.5017986256940699,0.32715144970311216
C0025297,0.5186946756506804,0.5065766112517828,0.26123352938273103
C0025290,0.4972810648486324,0.5293357198311852,0.31673915766972477
C0008031,0.49927462495507424,0.4998906482999903,0.2897939220552146
C1253936,0.5093143658973243,0.49821985744058983,0.18616828556127818
C0016382,0.49448861789506854,0.5004206964666706,0.320710467552439
C0037763,0.4866766164249204,0.49221284405667554,0.21705280538399396
C0032227,0.5039434893736213,0.5110967481657359,0.3182803571826162
C0039103,0.5079454158790171,0.5089776033345269,0.22994517575071938
C0022346,0.5306419840987303,0.5267474480707365,0.3211704349302568
C0023798,0.5121470622816447,0.5111732124400146,0.22805012254553803
C0038454,0.4989679562692459,0.5050795996563014,0.3793029622362992
C0012813,0.5062827529503608,0.5198175211728266,0.39448573942584725
C0152030,0.5364821284600914,0.5509694715054613,0.37467986198621206
C0023890,0.47669345901892296,0.4877158464825273,0.3178748926072006
C0020538,0.4943591906373108,0.498864096162293,0.26561959581443906
C0035078,0.5046252904453963,0.5105846148137999,0.33089520191319854
C0004093,0.502844047908279,0.5073857240985977,0.26339641854179763
C0022116,0.4709663154755478,0.47080682049911865,0.1353577008549822
C0220982,0.5078054238371783,0.4987713720866971,0.19896099057501815
C0042134,0.46265278406518784,0.4657029116631435,0.1338658857482387
C0015967,0.49472298482097377,0.48903382480023333,0.10680411978069254
C0231528,0.519267469611963,0.5084979671837464,0.2662589983222949
C0013456,0.49417221575243614,0.5127261563116177,0.435850799341586
C0000737,0.5065530715129821,0.5094927949698702,0.2204168566348873
C0028081,0.49475766944114147,0.49782403889793114,0.2347658464551425
C0032302,0.47588477366255144,0.49790309659301474,0.2813848275195697
C0038663,0.5256172196769864,0.526141872758627,0.39543063404443707
C0019209,0.5171059852789256,0.5229136482821681,0.3159513790877934
C0043094,0.4986198985719276,0.49980906909576195,0.15579243024044304
C0022660,0.4999747053483446,0.5069400887296718,0.4217295242078525
C0021311,0.5053303621387994,0.5091521451253066,0.33203267322781654
C0036572,0.5124810515211874,0.5129915674106302,0.4099654492865823
C0149514,0.494149707398026,0.5027086334499761,0.2887373195737017
C0018824,0.4985365265749556,0.497725852231139,0.17995276575357363
C0428977,0.5066951176141847,0.5157718282659759,0.3303919708545078
C0027339,0.44882340691378586,0.47940626696509203,0.2521326685341502
C0026848,0.4969592005335085,0.5018509226964549,0.23300787593442582
C0002170,0.5182624491812853,0.5190547267250052,0.24400167325673194
C0009241,0.4982357445549552,0.4928324823973623,0.18330286162181483
C0014549,0.4841578991667368,0.4902720011303252,0.20985794206312672
C0151904,0.48591333283759663,0.48920317161268523,0.2762286595849133
C0085649,0.506589563530986,0.5065408301880342,0.16927017977431255
C0020540,0.5634191176470588,0.5831667399630605,0.4389533411300021
C0027962,0.5018939006162855,0.517117402205999,0.3597019456613178
C0004245,0.5147916745078852,0.5137721530491832,0.25943661551225367
C0020437,0.49794959360699403,0.5157620271984518,0.42835869119104464
C0006112,0.5146314049586777,0.5366369258074446,0.4330852895336053
C0010709,0.5034371318742638,0.5062434499300433,0.2711495627014589
C0151966,0.490624,0.536631504567368,0.3525109747361225
C0020625,0.5017668878935769,0.503260988958873,0.2135989561267716
C0018800,0.492840103383864,0.5019729129747383,0.35300199262035703
C0851578,0.48878869193573843,0.5019084116910326,0.3818415019083182
C0497156,0.4817151656146908,0.4949708962042668,0.3546855514764796
C0032231,0.4672775210796982,0.48378754827811915,0.2444438356298276
C0018799,0.48958566560647276,0.5029164290525255,0.3817002959078843
C0019112,0.4920378584316517,0.5004511566053185,0.2995803101804985
C0024115,0.49267676216263423,0.48881618240042396,0.14520915636319362
C0015672,0.507073174710083,0.5058611054006378,0.3420580516164084
C0031256,0.4920847982562543,0.5054884307106755,0.3030135329931094
C0027947,0.5042784782001142,0.497511570963435,0.16174768688384172
C0262431,0.5130922140831757,0.5255186563520002,0.3557660067978508
C0151827,0.5124552560449996,0.5153941342565768,0.32092892476048507
C0008035,0.5221345692925509,0.5092646546596356,0.233860095862221
C0231218,0.49289453931319194,0.4944898122050789,0.1883579967801601
C0026858,0.4778401541250935,0.47720351378789205,0.12603179728406005
C0033774,0.5077392816724837,0.5055897955528904,0.31480187104203966
C0158252,0.457808369896282,0.47876129215095353,0.28051772671772673
C0023067,0.5413030281921404,0.5161789486752589,0.217198902627016
C0010054,0.49478431982398074,0.49789704157300696,0.23252416412726354
C0007642,0.4835592046595391,0.49097343322783105,0.2589296673076428
C0259768,0.5372333333333333,0.5204279196723487,0.23146448365268796
C0037998,0.49662721893491124,0.507527588426333,0.2535692304205769
C0006118,0.44578647785644865,0.48261906903312435,0.24941814528551032
C0019080,0.5011529673238522,0.5067129688967225,0.2599901859842927
C0017672,0.48070991765381443,0.4850017981121404,0.16287414547782636
C0036421,0.47957320783804613,0.4912680580815356,0.24400988998720255
C0004239,0.4970191247689616,0.5008604737554104,0.22493670412842715
C0042594,0.47970812125579926,0.5017103412323554,0.2880705917378357
C0018939,0.50851499593188,0.4999425645745639,0.21408919335072493
C0020458,0.503331606079932,0.4968558362916309,0.21494863921123306
C0020621,0.4794287211740042,0.4824809590441719,0.12875786865453523
C0001339,0.5195745258390129,0.5152716336761682,0.3194770415126337
C0000786,0.5156074050718435,0.5256276618914872,0.3170045244552614
C0020443,0.4891327156508264,0.49305206012300795,0.250149755439035
C0221264,0.4921611346063479,0.5205212203941427,0.33372652843796735
C0080179,0.5008215343421639,0.5075792388825857,0.32670919885599514
C0031117,0.48957487919689346,0.49110183425213816,0.14015315515653626
C0435630,0.5153014373793594,0.5363586405209299,0.36785544129746506
C0018932,0.48840170783635906,0.48997010536458224,0.22013623497183132
C0522224,0.4997419170278792,0.5052249714638094,0.3225520533840823
C0003467,0.484008734167517,0.49593669983552874,0.3728728581743274
C0008301,0.4891705233179067,0.4886647408470841,0.24146185705396322
C0038999,0.4899633884610529,0.5021983924506543,0.42372467340676806
C0027719,0.4953389815251558,0.5036795687698216,0.30045123881929875
C0006325,0.5033285345752133,0.5187883440316616,0.549107751646824
C0014742,0.5398741023602549,0.5245373270742886,0.2685533229697279
C0006840,0.5061956999504343,0.501281442817852,0.19628279139669874
C0006386,0.47374870393062496,0.5021479269843754,0.2467367254048112
C0019291,0.5060950407166601,0.5071346851190497,0.2991496249125112
C0003537,0.48885269010885735,0.48682486723425655,0.2245672655770249
C0242429,0.4883557589382931,0.4946019967048039,0.24095039276671482
C0311394,0.501817939695248,0.4993978480278528,0.2346822514804468
C0014457,0.4742048522039468,0.4867292065480907,0.2591281997071406
C0030305,0.49963353163872365,0.5056351307855557,0.3460906600257057
C0034065,0.5101872298661835,0.5134006338290249,0.37547647431857345
C0878544,0.5048245473481814,0.5052714193039678,0.228978859240921
C0009763,0.5017925389032628,0.5007756677898232,0.2513107911835826
C0008767,0.5000806769694145,0.5019692541883594,0.29823412829533547
C0017565,0.48574886194935585,0.4938106058734284,0.25441529527394713
C1269683,0.49962377378121287,0.5072237052391777,0.2856032342776594
C0028084,0.530562381852552,0.5317670787593071,0.3975789370356227
C1510472,0.5002743717052738,0.5057583659179269,0.2996133526935307
C0242379,0.5113649021803492,0.5213840027496899,0.38498279133924285
C1384666,0.5403756716005862,0.5503589632813974,0.499879806352607
C0040213,0.5141069046886222,0.4913407754341611,0.1822468662198421
C0277925,0.515310133447442,0.5230436223850914,0.3037597340380021
C0006625,0.47301939058171744,0.505791478324896,0.35815084352040233
C0024110,0.5146604938271605,0.5293608634441286,0.29539354666884093
C0028738,0.5005759512485137,0.5120849902358103,0.3011484837790799
C0002874,0.5280576571408082,0.5158368524528302,0.23823997292313845
C0014724,0.520575704473918,0.5235298163732437,0.30677266952859716
C0016059,0.461267217630854,0.4742938034565285,0.19656486686144437
C0159877,0.4871723618631001,0.47407122876904445,0.1333163723599674
C0006266,0.5374155009451795,0.5416509427279774,0.38375709803049035
C0022661,0.5051485562423482,0.503223724971309,0.25185994391595323
C0595939,0.5018498115233611,0.498878174639666,0.2176747665937152
C0020505,0.4956397100600885,0.5017688863534737,0.23022860459649203
C0003578,0.49854995720680506,0.5050732099899533,0.2909958043150467
C0014591,0.5026792579777009,0.5124711036295334,0.3761717990636215
C0022893,0.483125,0.5053214774442387,0.2573337962789026
C0014868,0.4888124458777509,0.4920461734932126,0.1832891986658063
C0009917,0.5179820000717128,0.5562089255886755,0.4292107768326059
C0042109,0.5003355794786437,0.4970846141770494,0.26848355269328605
C0149801,0.48152490401710946,0.48448797730298426,0.2044247853094608
C0004134,0.48012169187145554,0.4939858853359881,0.2751794498179195
C0011334,0.5174756687274285,0.5146934685805142,0.26853087886968224
C0456909,0.507024059007232,0.4992209381444595,0.21239174043733106
C0042769,0.5041827756682885,0.5035484325112007,0.2617664644862744
C0036337,0.5375578497686009,0.5414719301025005,0.29757708415203926
C0022658,0.49499262357478874,0.502656145021241,0.2646914085327607
C0030552,0.4758632576845734,0.4946196223213965,0.2665897529389776
C0341047,0.46499999999999997,0.47290475426630874,0.2002409328006202
C0750426,0.498770270774594,0.5038217137651635,0.4066262134921589
C0235527,0.5053449951409135,0.4964321253216553,0.23916958279139716
C0040435,0.5190901966829821,0.5169707452455218,0.3028052312236604
C0003507,0.48984103732638895,0.5135564551185706,0.41768628082678466
C0016204,0.5047491965105602,0.49337034540006974,0.18100404842514362
C0010043,0.452558001189768,0.4490073923427481,0.14337733268359235
C0085648,0.5019732073344251,0.5156138548118079,0.31905472999386486
C0030252,0.5228573063061346,0.518743883875128,0.3307759042646964
C0020672,0.5085298327285345,0.5362280194993938,0.476901636390487
C0027796,0.505607302276088,0.5098406411594033,0.34582996146020306
C0011053,0.48159482806999165,0.49209104696262224,0.23189507101988016
C0221150,0.4895333333333333,0.5051883259428067,0.2893022877921553
C0028734,0.47112525951557094,0.49521965651313715,0.31734726677445596
C0037011,0.49127819271099504,0.4945637645014424,0.2692832228181314
C0032533,0.43610588551464663,0.46229474246072144,0.17415912714557025
C0149726,0.5702874148327982,0.5390524391403673,0.2206845948548622
C0041582,0.5224066764337194,0.5132032394735001,0.23465542900740083
C0206504,0.4976,0.5131209606435446,0.3063165677939031
C0018674,0.5258321384447511,0.5190804555924466,0.2968352327757452
C0497247,0.5021164950007366,0.5097985176436128,0.3299143544610097
C0149871,0.50074984077282,0.5041790618756379,0.30005147577695596
C0025322,0.5016608996539792,0.49988350777850304,0.2022969940211096
C0041834,0.4989067906574394,0.4981301468511346,0.17886726419585944
C0000768,0.5225509597057145,0.5074559728089988,0.19837598567755252
C0020488,0.5213218188401844,0.5129236488206603,0.22169555234952656
C0016663,0.49999124665184436,0.5298986605629341,0.4059121163886366
C0242362,0.5166037264754533,0.5112819376703921,0.3350481054923891
C0221706,0.5168697644346996,0.5309731193540352,0.3932183279762671
C0013491,0.5049201328662608,0.5223408939654366,0.47300407043139003
C0016167,0.5310018625624938,0.543729715066908,0.37968534027118217
C0018099,0.4774875509280217,0.4861741255473281,0.22362774609395264
C0041909,0.5104252191483818,0.532247284470396,0.44644691791225305
C0005001,0.53135266326672,0.5435289325953088,0.4238801174184551
C0085619,0.4818219287063041,0.5134710912509062,0.3691078205924386
C0003504,0.5040688775510205,0.5102742676424384,0.30984362088062306
C0086543,0.4863263949395796,0.4844710557269513,0.15834407772723208
C0017658,0.5320202785385467,0.5191504729909086,0.23531014167177894
C0085631,0.48622346756595913,0.48926134576894653,0.24558180778112815
C0014544,0.46586206896551724,0.4717423967328516,0.1875124025823823
C0017675,0.48906969099276787,0.501389362118005,0.28289432795699204
C0003811,0.4904826434453772,0.4951314366720452,0.2580791345372916
C0008320,0.49127351788581886,0.4872686780782547,0.1842333659829049
C0085610,0.5227482813776742,0.5187018664276011,0.36038856628596605
C0005961,0.525006061407569,0.5116542379219514,0.2289910859407566
C0035522,0.4991562833748665,0.4971955337879017,0.17835912991692252
C0085096,0.49044667008369225,0.49143567672321065,0.24655115784836273
C0020040,0.4773168138569396,0.489147394812063,0.2727545099389582
C0017979,0.5142925089179549,0.5041345314541108,0.1932721129452918
C0032300,0.48342196913929936,0.4907403663270455,0.30680735326024317
C0014863,0.4816150892834137,0.49999000648748115,0.24217905423529662
C0019196,0.4782077037295834,0.4910624759321907,0.21814794937315157
C0264545,0.4716608996539792,0.5045235604427292,0.3097919491531801
C0085605,0.4915867524029904,0.4990095704590544,0.2266899985244419
C0018790,0.5188801796292781,0.5139859746816331,0.37063488714429527
C0015230,0.5145660373603383,0.5094596576085136,0.22765853145815496
C0036439,0.5206238185255199,0.5184148316190407,0.24372090935106708
C0013922,0.5102464808638137,0.5267670911895438,0.3746364994418964
C0017168,0.5128573067096605,0.5122191624217048,0.3805751782644732
C0018989,0.5151526248452237,0.5170065291755254,0.2577341481818161
C0006444,0.49785272776135453,0.4939778417457614,0.16123062010607128
C0043352,0.47821481619318906,0.487730398918721,0.17832107021294213
C0033975,0.49542000024280974,0.49787516863784104,0.2108673427647797
C0020651,0.5159097589653145,0.5077489983673189,0.26014123657636334
C0020541,0.4371604938271605,0.4820598764231907,0.27938322387433806
C0014118,0.495484693877551,0.510983047952235,0.32630497756929666
C0023467,0.5236313923442101,0.5379364402263651,0.3970067156714884
C0003962,0.49526044017638804,0.49443247521131534,0.19354289869833013
C0151699,0.4648794429014209,0.4859295168448776,0.29083168184123154
C0010823,0.5017752667463787,0.5014501079341351,0.2641939064005493
C0032584,0.5038905077810156,0.4957731076075428,0.26717893868317966
C0007117,0.5269572921780151,0.5084013572602295,0.19972273557139936
C0027424,0.5011094076474736,0.5053186665330505,0.255648929109235
C0002792,0.477268026429187,0.48210826398782614,0.2240175092816724
C0018817,0.5358418301330159,0.5414633934975016,0.31447175025733254
C0024117,0.5112154198947861,0.5090791154397053,0.19620677607611298
C0034063,0.5111494884717238,0.5069806232807068,0.2356540723953807
C0158328,0.467553236259574,0.4678069787208541,0.18963419605496803
C0040264,0.5174496547201111,0.5170465346498087,0.270750929414783
C0001122,0.49327509603648917,0.48886361171944137,0.25155616406176745
C0015695,0.4883152128605123,0.4891234999116475,0.21514163042934173
C0220981,0.49245613212248407,0.49510471611657525,0.2759605189794119
C0026769,0.5001363062442608,0.5007287996996989,0.2159941191825075
C0029442,0.48949380382272634,0.5005537817090484,0.31847110898892345
C0266813,0.508058409951325,0.5173517273363628,0.31293612359767803
C0038814,0.47163229711706167,0.49330242117318746,0.2279414032943602
C0149745,0.47160986370011304,0.48666403478748005,0.18870397134145972
C0027441,0.5019800118002005,0.5051570922164365,0.3056760634445405
C0149925,0.534021027573894,0.5113253553141478,0.2384866537090797
C0740394,0.5119010977736739,0.5159099376850041,0.33143969877683616
C0005741,0.4976299913817869,0.5050476009587204,0.255112997329016
C0037284,0.5161859712128187,0.5154360625298824,0.27498235605635146
C0006145,0.5173908945235178,0.5130130760539995,0.2647741341505603
C0038436,0.4734918760892786,0.48784444907566715,0.24128065650800587
C0151744,0.48755919348428767,0.49605991558270957,0.2745978878462126
C0029456,0.493992724120052,0.5007784164499334,0.22899539101666605
C0007282,0.5293319631404549,0.5087143167972572,0.14210469455674082
C0342579,0.4577900892582333,0.4822019819936175,0.3062392905375717
C0006849,0.5089510204081632,0.5062979736257405,0.20102365415926002
C0022603,0.4738296977345111,0.465498383142389,0.14343751782957712
C0002103,0.4915391579900407,0.5082000090093997,0.3632906288126304
C0026265,0.4593678983250568,0.4732214690099764,0.1971574030832871
C0003486,0.5069116324272909,0.5241002020677126,0.40707598759765695
C0162529,0.49567848229261124,0.49041253809214447,0.20393704516431288
C0014553,0.5010399148165471,0.501101961787932,0.21587716753304867
C0917799,0.520007239919804,0.5254624079743859,0.3719557309350522
C1527336,0.5513799621928167,0.5340888097249932,0.29632312868190536
C0034887,0.5708792470156107,0.5812267110656231,0.42156415932148517
C0018946,0.5277199166800192,0.5157066599028025,0.2197115484418657
C0702166,0.5015510204081632,0.5134017650843385,0.3160971294312049
C0086769,0.5238789900402123,0.5227554603983833,0.3391968075491125
C0023895,0.47516564173775044,0.4734863110827583,0.11804680608084
C0235329,0.4996712997746056,0.4987931237662498,0.31664758721788505
C0020295,0.501377865596976,0.5293370711849684,0.4156051420262847
C0438215,0.48053809171597633,0.489478934786592,0.24621926649870501
C0003864,0.49430013020833335,0.5019828395576686,0.30233722776369626
C0042485,0.5318096317864414,0.530907142774742,0.3529854950975833
C0015732,0.5003156553279091,0.5117307846669301,0.39656755770386937
C0035317,0.569896694214876,0.5455669382151482,0.29762779554059376
C0027092,0.40793388429752064,0.45072680707780177,0.16235677460297782
C0870082,0.4957447583435516,0.5032094122964968,0.24735903606578805
C0007876,0.4629168149994067,0.4856262481668231,0.2180211984152191
C0021141,0.49139292136309815,0.5029108554742318,0.3247715479650543
C0151480,0.5405161078238001,0.5342164234618871,0.30449211606414806
C0015403,0.5161975323950648,0.5226435326752785,0.36268181414323697
C0042847,0.4945130315500686,0.5114179656118608,0.2582098172354124
C0024121,0.5164275643956714,0.5067637166834296,0.18410364808380353
C0836924,0.5167716013916819,0.5207269871878463,0.38673537881435766
C0232492,0.5005560715576749,0.5018199293076098,0.2785524606309223
C0018188,0.4638230031815429,0.49590488388493664,0.3823086116171275
C0003862,0.49632570134773796,0.4937552637162047,0.14032638991515298
C0031154,0.549025354661895,0.5549040930466509,0.4447474764475473
C0021092,0.5083824719620765,0.5493425342989534,0.36587565501564145
C0002962,0.5001620453911122,0.4949053935553422,0.16109132278814772
C0037672,0.5149832924927601,0.5105458637088589,0.266387300497957
C0038358,0.5087010974021948,0.5001511309120147,0.18633184470434244
C0236048,0.5598269896193773,0.572877689314902,0.44075510789389744
C0020461,0.5120251019989142,0.5140043056573227,0.29287258834125746
C0151706,0.47078727324263037,0.47049682548672755,0.1158132183116903
C0151970,0.5194479503024144,0.5328358555772661,0.3865714083576045
C0033953,0.489891829447595,0.4841714709819134,0.1636860861019876
C0016169,0.5197172912557528,0.5145261857306868,0.3377244452905845
C0007859,0.49411479735448316,0.49496247174545327,0.25921621853495314
C0029882,0.4693105565545371,0.4922791784460199,0.2659550979749224
C0011124,0.5116676194789478,0.5165625143867474,0.3007824741649718
C0014130,0.5109796892522692,0.5138194708478271,0.2736977093422116
C0024894,0.5012551195666535,0.5175395420354143,0.2612626774878637
C0025061,0.3965419501133787,0.4260714577430511,0.1074889128848766
C0270996,0.5119113573407202,0.5434590940781259,0.4807191279478758
C0004030,0.5231206057328285,0.5209531617538994,0.2614711242974924
C0035410,0.4926420333848493,0.4965955339425709,0.25858617479138846
C0005586,0.5202810650887574,0.5114493714366177,0.24065609602092702
C0030486,0.4784375,0.4904790749155343,0.2216544587999216
C0020440,0.49878898865784504,0.5134247716465751,0.26898356064915807
C0001418,0.5128095598959078,0.5106206311555996,0.28800665348799515
C0030920,0.5004298125285779,0.5147668139283527,0.37941203521351885
C0041657,0.49535036196180976,0.49892686841640294,0.28799321694113755
C0042345,0.5090869219593761,0.4946261994954413,0.18220646131922738
C0031090,0.49060223725286156,0.5020573770653391,0.2976416859558596
C0034072,0.4735785381690803,0.4841369702224893,0.22878468220980344
C0149512,0.5089987807742642,0.5295252438904279,0.37141162243371306
C0023530,0.4875314926960059,0.49186665142985514,0.3315646778381718
C0206062,0.5073932243789322,0.5149456096458664,0.3124386029199565
C0015802,0.5449570277874127,0.5619926748920766,0.4406503025297027
C0004601,0.5119868734640542,0.5231044826672738,0.38279251447499213
C0013395,0.48758721392531335,0.4895145790856259,0.2489957144236804
C0549567,0.4435,0.4639515523287332,0.1855605705242399
C0037928,0.4868848025959978,0.4972674100516925,0.2529416659233268
C0035258,0.5097789733895594,0.5087998493483781,0.26547449136748197
C0558489,0.4392663531690856,0.4504165955299619,0.1134518370827709
C0152032,0.4938384210832735,0.5029991604038788,0.25371491305043203
C0007286,0.48911560054176445,0.49765592287106675,0.29840216886795834
C0010414,0.5164649341402634,0.5484094213081588,0.3705295353201491
C0016658,0.4674579691414708,0.49854856711371537,0.3483628834910332
C0010034,0.518798828125,0.5858617298357679,0.3498044612705043
C0600139,0.5154926428221291,0.5004932236736654,0.16698787062146495
C0013221,0.48932664899568434,0.4947473706074445,0.26125616623485287
C0521620,0.4042590027700831,0.42941285382928646,0.13903482955702354
C0085636,0.5130761491321264,0.5303158813387001,0.40447284975622794
C0038450,0.5214907955292571,0.5036159711074973,0.18264355155427325
C0162323,0.4918442612806614,0.5096489578049148,0.3284760636351502
C0029878,0.5121691871455577,0.5092035401952426,0.24707493616890605
C1136085,0.5117576442341643,0.5211628299913756,0.31258856679839925
C0006852,0.4810568704799474,0.4994596205510375,0.26475271737617806
C0022408,0.49504661859874216,0.5023084486581784,0.29721266707148764
C0085584,0.4977978530102082,0.500427921057692,0.283371107024757
C0020598,0.5145261532590875,0.5125640786820351,0.26033767664148216
C0014534,0.5115625,0.5061498989032172,0.24610563166129984
C0011127,0.5147851719967751,0.5282870744449857,0.4262113492925624
C0032290,0.5129085810187372,0.5154278648272134,0.3245627181502975
C0006144,0.5013456362937332,0.49442567529182335,0.21498197896959084
C0002940,0.5013605213652244,0.49876467836235433,0.23788922764098164
C0030319,0.5015952662721893,0.5051791063526806,0.3343515211933557
C0002994,0.4622680412371134,0.4799229398428617,0.3042328861300129
C0018784,0.49348876286494436,0.5151170703642831,0.2827134060627253
C0004153,0.5047328056071639,0.5013362879824242,0.25190864229938004
C0007785,0.4762604288314837,0.4815805630117502,0.22817366812055986
C0019693,0.5016666666666666,0.5467873991438787,0.29255139368424027
C0019521,0.4917921382913207,0.5008719312272167,0.2777711740902415
C0020550,0.5086496856547268,0.49654058326661343,0.1688174804522815
C0032781,0.5579616786820536,0.5612561684112407,0.34570779556340075
C0476427,0.5096903541991535,0.520738120550513,0.27983520769107184
C0005747,0.4934914792251512,0.49269759561437976,0.23998025455689945
C0015408,0.49761814744801514,0.5157824348196273,0.2917925921313544
C0001948,0.46675326882686446,0.47340124068760436,0.19541934802598793
C0028754,0.4960273171768707,0.5004542243653872,0.23826094380273552
C0026919,0.6243752402921953,0.5729587561742815,0.34881266467095545
C0392525,0.5194016646848989,0.5168344972051077,0.2423859912559177
C0259817,0.46078961600865326,0.4867784358392624,0.23937086607476302
C0040586,0.5196313596768085,0.49543129399627234,0.2318855215780399
C0034150,0.5006853613423173,0.5051398022974911,0.27878225762416387
C0152128,0.5112639201030278,0.5166375293857727,0.3768381825074907
C0040128,0.5181784449316917,0.5075552592262076,0.19594571282574946
C0018801,0.4860497997372262,0.49866270351521674,0.3242183346417494
C0013146,0.5119844080883043,0.4996293232852598,0.2022580868968863
C0151611,0.5161088215638227,0.5127552649559997,0.2636559563362497
C0037023,0.405321046373365,0.4481349552096334,0.20301139065320797
C0031542,0.48864119505889114,0.5029904613340073,0.2733376206041992
C0020433,0.5186054682221521,0.5356336848482153,0.5643516091450392
C0149725,0.5120827774390428,0.5070295827233591,0.27814034777099805
C0034186,0.5075899544887532,0.5068488800639387,0.295917900944793
C0039591,0.5304659498207887,0.5390965111813693,0.3466495929393524
C0011880,0.4920591610557824,0.49810788299609654,0.27365459493074984
C0041952,0.5356937661591498,0.5469958284123471,0.31648226911977895
C0027080,0.4937732813154357,0.5094134442400304,0.33230351398957714
C0018021,0.5060460679516315,0.5037996322224242,0.2062462928423595
C0008049,0.4408284023668639,0.48496887248933895,0.21736939367656233
C0018965,0.49362857961357676,0.48571021109389634,0.1471334566206728
C0018500,0.5386374028349337,0.5293183578232524,0.26807334198418503
C0003079,0.48030000000000006,0.5126052686218885,0.2650959082190562
C0085680,0.4828068274442555,0.49516757343051243,0.33267846279920243
C0015256,0.5205444233626935,0.5200493316692774,0.33625492548386254
C0020502,0.49739724175229855,0.507689259610925,0.2542080982557756
C0014175,0.38500315059861373,0.4236853773407876,0.12842191950227883
C0020514,0.45199376253063045,0.48519226556698425,0.22965391813343566
C0004623,0.49667753047530316,0.4943214361289484,0.17858817993716244
C0042384,0.5172608418367347,0.5128762966091981,0.23439060462541156
C0041912,0.5180722203959384,0.5149032517004963,0.24447608751375466
C0242528,0.4807476901760452,0.49659862637051144,0.2643692376102887
C0039446,0.4668198793450158,0.47751130652503004,0.2046726888060015
C0235896,0.5041224740698821,0.507923200691121,0.2750642176269292
C0015423,0.49626545045938264,0.5218704080446572,0.34528146658398173
C0014356,0.4971135573165047,0.5042847533964006,0.2948848570282035
C0021099,0.5136485966935793,0.5202954718874209,0.30137600388777597
C0042373,0.5151812130177514,0.5168955036606174,0.32248230339628914
C0011881,0.5177630355260711,0.5002980111143502,0.20113677974978456
C0040460,0.4965551719289475,0.49052274077806934,0.21063238125097833
C0026846,0.5045448806968817,0.5129291468560014,0.3193575744524124
C0034067,0.5326257417792666,0.5412022746006413,0.37032703701861186
C0278008,0.4261755540772382,0.45955780468716684,0.2170509858847119
C0149516,0.5017421124828533,0.5163612489612869,0.36204994783006
C0027059,0.5256160741207752,0.5174028987602808,0.27344916134252806
C0276143,0.5118518518518519,0.5199946773780835,0.30435414825187457
C0085624,0.4997026384083045,0.4959245670369821,0.1819781397837916
C0085606,0.5071624039997111,0.5088947937619865,0.2579952144654249
C1527344,0.5222904685244065,0.523507086651964,0.3316667527963944
C0281774,0.5167276858982451,0.5529020106504197,0.3351160073382423
C0025323,0.4978370370370371,0.5028598769335201,0.26654122381116613
C0151436,0.5365020265812046,0.5480507111194611,0.3784529383423246
C0271650,0.5535140720109611,0.5461715023085749,0.35281619803839376
C1510475,0.48133039659059806,0.48189313745333284,0.2036710621808133
C0019917,0.45422143016261973,0.5099268478418426,0.2479475258684387
C0553723,0.5378684807256235,0.5441240852127086,0.3397153564900166
C0037383,0.5263853802741199,0.5394828695443075,0.3503927871635855
C0392699,0.5066157133464826,0.5096816321048916,0.30012029740335344
C0973461,0.5257127991675339,0.5060764667353097,0.19909047359585333
C0042514,0.5079329498115452,0.5087573584510389,0.2001629746233699
C0239739,0.4780177544138068,0.48351055475298316,0.25036763722606364
C0032326,0.49750720586950825,0.4970681332549908,0.20639224614064516
C0011206,0.5181400706981442,0.5143600373317151,0.35800925406013107
C0019270,0.5016025151857392,0.4900730962408947,0.15016841466353253
C0009319,0.4961087692927709,0.49740734554807087,0.2675816899916621
C0004626,0.5285646006366728,0.517258624082103,0.25872786308177553
C0008311,0.47039326345964344,0.4771732621697259,0.17691608618664226
C0025222,0.4938768354152969,0.4941622150526699,0.1934134576390532
C0037052,0.513593964334705,0.515287065550911,0.30663100242414704
C0017086,0.5039603157439445,0.535566555641199,0.37978631765241244
C0011854,0.5026623399906773,0.49877798692068404,0.2511443341817071
C0020255,0.44762834333663537,0.47327821353192295,0.23170400584761988
C1510431,0.49456688093051726,0.5000299349034287,0.21661505258859987
C0740401,0.5336731692971277,0.5462646436839804,0.3249272482788627
C0152027,0.5091069642148561,0.4967304795134742,0.18635469077839698
C0151798,0.5013115627936988,0.5166156438444105,0.3380483662449093
C0917798,0.5063625346260388,0.5117027121421158,0.3160526852588827
C0018924,0.452054794520548,0.5225393916811313,0.27841050248597177
C0032308,0.5108850427915033,0.5042698361988617,0.19586382472374736
C0014518,0.5135142292211002,0.5195916082205057,0.33630439106086213
C0151514,0.4880840683054982,0.48666349538364917,0.19416276941212915
C0007570,0.509083044982699,0.49964658152523345,0.22616342535734602
C0011603,0.49095932256687846,0.5116565362461266,0.38605728371239456
C0009375,0.46460459183673464,0.47334355039350895,0.2033360612303628
C0085580,0.47917355371900827,0.49412482946034186,0.2808835210428453
C0027707,0.47986826825373774,0.48466663000881,0.2053783362615174
C0262627,0.5442305466610085,0.5341398329675369,0.2903430471138624
C0041956,0.4961090087890625,0.5358149021202032,0.46563635419967503
C0006826,0.5230004779554329,0.5123418446109912,0.25786695768794404
C0015544,0.4975985742927155,0.48961977343580865,0.1869572222068123
C0002390,0.48756143667296786,0.5073599073048434,0.287400432885409
C0035305,0.49922508479144667,0.5293459831099213,0.38524697931231094
C0152029,0.5078419779629132,0.5102065304777474,0.28766663154023336
C0006152,0.5181065088757397,0.5101215362622085,0.26306341190159516
C0038012,0.5702479338842975,0.5804514227731206,0.3800687492974471
C0026267,0.4878731343283582,0.48810854417670035,0.2016427648158308
C0021845,0.4984735253394793,0.5083351288344478,0.3116900809072284
C0028259,0.5034617955001114,0.5149345611216495,0.3054150508504883
C0017574,0.5167251432781031,0.5166853125343629,0.33875766063902385
C0031538,0.49921956295525494,0.5283561348104603,0.30901109525795384
C0024586,0.5115268329554044,0.5319315790572782,0.3872848431581407
C0267566,0.5821906887755102,0.5387720769825155,0.2697428250874758
C0011884,0.4684287647789175,0.4960186758508782,0.3304799590435341
C0025874,0.48327137546468396,0.5038458310034968,0.3304902999328898
C0149531,0.5539452495974235,0.5392210347610964,0.3268451688293515
C0026986,0.5040544282267315,0.5049281282468521,0.22742361534984806
C0007780,0.4729448491155046,0.49395375329881097,0.24383160502822154
C0023524,0.5036613079707095,0.4902132099783634,0.2099782041059077
C0038525,0.46754017531044556,0.46960511984107495,0.14994198440647508
C0034735,0.5149769888231426,0.5314372271013099,0.3735558943843406
C0149696,0.4882544581618655,0.49578300603582026,0.23945682767741927
C0151632,0.5295980952513558,0.5279484751255981,0.3099926190643665
C0018621,0.49520635500365234,0.498670502222684,0.22199498538363546
C0009088,0.49583445310400426,0.5250934390594508,0.2909380108508488
C0162834,0.4658037506941774,0.5151788317410814,0.35098643948053726
C0024236,0.5157548476454293,0.5147653633102116,0.3084772138603439
C0024050,0.4907103947383139,0.5036442233006029,0.27548301233757927
C0009946,0.45879528281900994,0.48433433127459946,0.25496946316545704
C0264906,0.5039927829195763,0.4885416508816254,0.1569926641900978
C0023518,0.5054029567100524,0.5056525333968894,0.3148954886137275
C0022602,0.48438271604938277,0.474667540669676,0.15976031287683282
C0020473,0.4971781983187853,0.5049909181564093,0.29627282013732903
C0018926,0.5191760380622837,0.51233092578785,0.2699777705521243
C0085614,0.5346743388701432,0.5473358558421728,0.41855339550904136
C0014335,0.5327630188873715,0.5191457958531658,0.2666564026994386
C0686347,0.477775,0.48267597054781497,0.20243880217285454
C0013595,0.454104938271605,0.48537472442177726,0.3049226112190668
C0001824,0.47607323783736577,0.4928051763106551,0.2802932318141814
C1621958,0.5068359375,0.5225576657173943,0.284263067296769
C0030299,0.5110001062812202,0.5146226986560074,0.28256399670792226
C0027813,0.4634487110149631,0.46701277793696877,0.163351222347069
C0085635,0.47731497962897035,0.47722721545928987,0.18102751461758934
C0002878,0.5167116156127145,0.5279927811895178,0.3530330860139732
C0085602,0.48738223990749246,0.4989450973093259,0.3645160983063304
C0036341,0.43944636678200694,0.46116151148837276,0.18331346178848726
C0018520,0.5000913075237399,0.5094834989618786,0.30179265631736457
C1456784,0.4804766158458114,0.4761022933320217,0.1214774295844133
C0235328,0.5429145361577794,0.5761020878418177,0.40094886791946427
C0041755,0.5175746769295954,0.5146771342814966,0.21130812138293342
C0023418,0.4840370977738045,0.5038368625426103,0.31771329629204015
C0029124,0.50671875,0.5000643672199582,0.2370401302878845
C0015300,0.5255102040816326,0.5599301991242778,0.3301212865855731
C0023211,0.45859523760774756,0.47402222486079487,0.2029394687070038
C0220983,0.50995912366883,0.5100293551131034,0.26327489359094974
C0002453,0.4947378615702479,0.5016128838037547,0.24735243331884163
C0151517,0.507839255977629,0.5351374274139955,0.433655786003242
C0013298,0.525603963314401,0.5580868052408514,0.45604115327418654
C0014869,0.5201514813989753,0.5330690063756296,0.4077380187615065
C0029134,0.49783666846944297,0.5012715009882833,0.23217515745227607
C0522055,0.5100830910797263,0.519512369143835,0.2982496918783327
C0032617,0.5212161769496958,0.5253054187085618,0.341382302994572
C0007860,0.49527410207939504,0.49974203705545506,0.251609592601776
C0015468,0.5318074938407338,0.5348631966619529,0.385253519831933
C0016199,0.47887788930207387,0.4857830135231897,0.20294929851286853
C0151636,0.4722967270212413,0.4825509375580624,0.24142120157712138
C0019193,0.5043918019696567,0.5126714763465983,0.2919392063607529
C0009193,0.5617070357554786,0.5786834950165989,0.35586235286992135
C0037036,0.46035093466554733,0.47008849484670645,0.1739520657553426
C0019322,0.5006281957633308,0.5239323177135232,0.3622328055652979
C0017160,0.49059156637554013,0.4928167757077324,0.15755138646238792
C0005826,0.4783098680973318,0.5117144475671194,0.3391841669731112
C0008312,0.48117539026629935,0.5071358753570592,0.27989043487553095
C0042420,0.5209876543209877,0.5055088470817791,0.19772827606392124
C0022679,0.48482450972140395,0.49239533745072306,0.2050720470430941
C0042870,0.5134297520661157,0.5213177745903597,0.3135939560537407
C0149520,0.4856000369822485,0.5152394797573717,0.3322296882431295
C0227791,0.49169953977646286,0.5176222612168201,0.30564129923010097
C0085583,0.5435147081237616,0.5517656547800034,0.3099625133636606
C0034888,0.491307634164777,0.49494582224082984,0.25536297675348646
C0037287,0.4997454773279035,0.48877986047747035,0.19605334873327937
C0178879,0.48424700693131695,0.5272669447057473,0.34326787664089714
C0034155,0.4974183607266436,0.4963284530747242,0.23074055015912343
C0034069,0.5227804167513107,0.517753603424392,0.2753191120417182
C0040584,0.4429421308815576,0.4516008064906155,0.18699729930506737
C0039504,0.48019199999999995,0.5046250153641663,0.33077388928300905
C0041296,0.500937139561707,0.5235450472087182,0.3522860906926992
C0006267,0.5473676155494338,0.5433258826454574,0.3638710258760014
C0007820,0.5501553562601511,0.525657328666041,0.23482224660420262
C0518988,0.5197778058325969,0.5237861553629859,0.36017843677127864
C0156404,0.5389763408426808,0.5652671559281336,0.3855134715299058
C0001623,0.47988699612076235,0.5092681875788723,0.35131065293151087
C0030353,0.46344240175409007,0.48357462966787673,0.23875194799200483
C0038363,0.48717455621301775,0.4952849661526356,0.2867989965440129
C0019557,0.48849134665812016,0.50425474810522,0.3665273298018766
C0424230,0.500759548611111,0.5042867128380937,0.27361089663560584
C0006271,0.533935546875,0.5295763760233563,0.3067656951049647
C0034902,0.4808490231646547,0.5004258469376823,0.303467740126099
C0036202,0.4922288094856594,0.4906132414319268,0.20190669490073943
C0030312,0.5005582770544628,0.4995230184831016,0.3413315695028453
C0031212,0.519382386205314,0.5146056897667526,0.30763682324403435
C0031099,0.5537475345167653,0.5403427387140862,0.3103951738631469
C0005424,0.452092562918277,0.45601358707631845,0.1327389524221806
C0002064,0.524710743801653,0.5347800913131039,0.32769206363068526
C0034880,0.5075967763244815,0.5083230301087344,0.2610885745059585
C0042798,0.48011307280301524,0.47828733897362724,0.1859318522801433
C0151971,0.5419132149901381,0.542888345941428,0.31718073472362285
C0003044,0.5333139788067934,0.589751151712745,0.4294529799685178
C0038002,0.49688576,0.5038490741579735,0.2967672776363201
C0005818,0.5055797640556914,0.5285697150327955,0.30543027264096145
C0007784,0.4691865397304176,0.485597966907434,0.27211823022377646
C0026821,0.49977851754409514,0.5176427401393755,0.38678118074822004
C0699885,0.4804907788446883,0.48656081494148595,0.2611100059315995
C0021390,0.4511961285609934,0.45940170169597994,0.18065377356837276
C0030578,0.572365680966264,0.5995331307324405,0.42686000327566537
C0036396,0.4787575216557561,0.5005827667760402,0.3687554454500782
C1258666,0.5757142857142857,0.5446513116138768,0.29681436011060053
C0040590,0.4929834678969627,0.5082558624872695,0.2611119571491787
C0042267,0.5368144252441773,0.5254120128413975,0.26287655448681496
C0341163,0.4436728395061728,0.44530108293707626,0.147315950475692
C1257843,0.5554353704705246,0.5380672325490203,0.30807819824562604
C0042025,0.5546296835848726,0.5493905413122362,0.3490231097588103
C0271468,0.5525072397500381,0.5578812804295186,0.38878074809684504
C0040997,0.5282810489133908,0.5500318815681076,0.4637658192141803
C0034359,0.48630347799322865,0.5187024069740036,0.3139317223806708
C0027709,0.5347391033975917,0.535029294546684,0.3193429712420939
C0267112,0.504090024566563,0.5108512444647679,0.3144124465138019
C0019151,0.4652,0.4641071969151338,0.12781672595947752
C0740858,0.5228402366863906,0.5239979714751277,0.28346261606856116
C0155540,0.5226666666666667,0.5843816712253254,0.3960234426288437
C0085694,0.4619129013079667,0.49023883334055557,0.2849467515462757
C0497327,0.5052295210798817,0.5065207729470043,0.2848053787080408
C0020490,0.41983471074380163,0.4537316625611997,0.171517617574893
C0007177,0.5725259515570934,0.5612432495525856,0.37650505688926716
C0022671,0.5025307688209281,0.49722852891954517,0.2387654015463713
C0029163,0.4941007653061225,0.5121411524911279,0.2959591869638479
C0002726,0.4420351473922902,0.48422265026554434,0.25225065505485517
C0003869,0.508748708677686,0.5148868644215387,0.30256364526264984
C0001969,0.5218233412909329,0.5256067902233383,0.287452159145402
C0042928,0.5508555638218727,0.5550728651410889,0.37048074676534853
C0018818,0.4961937716262975,0.5031036039969488,0.2530885543153356
C0033581,0.5464268351968886,0.5455222596237421,0.37528147678051427
C0014394,0.4958054482043548,0.4996072114335787,0.27219830768862585
C0019572,0.5315481686672823,0.543688316692176,0.31484708726658406
C0033246,0.55903921777022,0.5730902990203367,0.3745123393185362
C0020453,0.5391532891854982,0.5307521848056629,0.31748566729956124
C0037195,0.4791975308641976,0.49555813448860025,0.2486186640102424
C0027531,0.49224806201550386,0.4888951846123557,0.17515218825665851
C0042133,0.4653875641734843,0.4722845153082279,0.19487660596006726
C0086438,0.5159574468085106,0.5187400862215674,0.27535929742926535
C0027822,0.5877700617283951,0.6131950961106993,0.41020901740158405
C0027726,0.5135909763313609,0.5055050377304467,0.25248096198609055
C0009144,0.5671992941868443,0.5633142315389543,0.3590655938399502
C0038379,0.5183,0.5336156081562238,0.3849676302062654
C0012691,0.5109957197869286,0.5012026482718646,0.22921874998965464
C0040046,0.4783093597186079,0.47736361571979113,0.19377788991944708
C0025289,0.515360118990866,0.5114753470852009,0.31209447669666757
C0003635,0.5,0.5112489400901336,0.2702300096160789
C0149721,0.5158317811979217,0.5013295626935691,0.20100204172128092
C0024312,0.5077271638821861,0.5041317114680275,0.22545089222434112
C0001430,0.5648955984707382,0.5883568416892283,0.4843524910957801
C0024523,0.5175107079868985,0.550315902222182,0.42138500123506745
C0149736,0.5445362718089991,0.5484528032600723,0.33396121481248053
C0014038,0.47860266555601827,0.48988385452869065,0.2487416659192173
C0019163,0.5367361111111111,0.5446270854193305,0.3643050294308797
C0003615,0.479564115869479,0.48735263167495396,0.22143817186334389
C0019189,0.4672211720226843,0.4961144838614987,0.2554392587257983
C0519030,0.479783950617284,0.47861634591994895,0.1719852417411067
C0040136,0.5085601577909271,0.5154906834106587,0.3153480917292993
C0032310,0.4246890210924824,0.47574789125686534,0.21888953103679762
C0085662,0.3985113421550095,0.4534287826309992,0.19343455591135464
C0152021,0.48345935727788275,0.5075730261558671,0.28538745466578075
C0019825,0.5075849403122131,0.5420814485602828,0.41576204406715545
C0040261,0.4828957100591716,0.48199619201922056,0.21056039503783355
C0018991,0.5239457958084336,0.5370722537302275,0.38021196582974226
C0019159,0.5057232049947971,0.5518706446681555,0.32245584214016954
C0162298,0.5343939694505059,0.5427717413144169,0.42917530620716204
C0018916,0.5172035756451341,0.5248917925395529,0.31544641216945785
C0032768,0.5756249473950004,0.5907729072265293,0.40415694624649634
C0039483,0.48852157943067037,0.5326232467752142,0.27549650287289795
C0205929,0.5522211720226844,0.5465468238372075,0.3456106429212052
C0014009,0.5385649019080893,0.5482920271177629,0.3889140341700225
C0030583,0.5342560553633218,0.5094853208739689,0.24732412243811758
C0574960,0.4835244592829149,0.4866946693937227,0.17077240374742722
C0019655,0.48831751862054895,0.5069420288684812,0.27195228104900354
C0014866,0.4812508223323539,0.5082169844332857,0.3249663814885237
C0038131,0.5116,0.5033898842285389,0.24183595760295784
C0032633,0.44196428571428564,0.47911378943015137,0.21884354262672434
C0014488,0.46876112495550015,0.5073132535242088,0.2738455680452288
C0029400,0.5100189735758249,0.5007550226935668,0.22462040801868605
C0699791,0.5305704276554961,0.5390804294996028,0.32956408663410436
C0085652,0.4464436662238859,0.4698221239615668,0.21791210783819814
C1384606,0.3947222222222222,0.43169075399338985,0.15252274612264935
C0025202,0.4870802121033583,0.5062598592092744,0.32356246633448504
C0007868,0.5299753229786617,0.5332605001951956,0.31797528629293387
C0016807,0.45877211238293447,0.4952837259467948,0.2820467171854457
C0699744,0.4866812140448324,0.5056836873350001,0.3620793994519809
C0001546,0.49021241149521033,0.5074374996204758,0.24137305222216163
C0039520,0.5516261973713523,0.53325809711091,0.29178299287546056
C0085681,0.49749755859375,0.4876748240621718,0.18400635599923526
C0013405,0.5346234354308173,0.5133013653043454,0.2207202115549616
C0006384,0.4467347923336696,0.48201383551728577,0.2309093226550952
C0262397,0.5148664176960642,0.5251475217744497,0.2944741351407896
C0006105,0.5203948323414139,0.5264238519538237,0.29678139856467484
C0302592,0.5560146923783287,0.5934049250390855,0.3796610737705508
C0023903,0.5184090298306907,0.52434191632483,0.3004148530541721
C0080194,0.4881403075021247,0.48179806814607157,0.15027689385393028
C0162316,0.5061124216906997,0.5123868580652028,0.30684259827899557
C0029925,0.48790647675356086,0.4791088902381343,0.18666408257215314
C0267716,0.4926960059171597,0.5193359513800885,0.3079769659274362
C0152018,0.4951053332289138,0.5055876675909765,0.28754843514680356
C0035302,0.5688458728999269,0.5618472647863998,0.37662947701168803
C0003874,0.5254754963209773,0.5277490164452736,0.31290015323692527
C0032776,0.5482026783616571,0.5400914016790921,0.3180504578873513
C0006107,0.5342386482003009,0.5563705095550123,0.3952433419392241
C0034886,0.5262297423850415,0.526152947474534,0.30256593222464295
C0262613,0.5001811500439937,0.5042674129412155,0.24008790779257677
C0149678,0.5221714592851384,0.5228911194748427,0.2836326453852844
C0016034,0.4961531244135861,0.5200835764954115,0.33742791651000503
C0022568,0.4488456315074695,0.49619566466395504,0.24831474072805906
C0235974,0.5494940358414835,0.5341555007635643,0.290698014988658
C0037578,0.44520710059171603,0.4719462552787768,0.19025109065182744
C0030326,0.43895432347026714,0.46960851353964383,0.1894710389119902
C0007280,0.45494639463587794,0.46026368291879277,0.1344705484938037
C0242301,0.523596650067904,0.5095654876094023,0.24770334221916443
C0010032,0.5425330812854442,0.5440564320639604,0.304017287392059
C0152459,0.5180788897005113,0.530936614709939,0.28622982335914193
C0152013,0.5357925493060628,0.5513888868889465,0.3108711160642032
C0699790,0.5034807099585503,0.5284421139338341,0.362896068284836
C0001126,0.5012140131807146,0.5452003662553211,0.3262801565139666
C1261473,0.499038831218762,0.49992539814564974,0.279969635415755
C0016479,0.5235502958579883,0.5055996189291693,0.2509742574947642
C0026975,0.5118339100346021,0.5336586772763141,0.3144786595186022
C0221166,0.5002814787014449,0.541717415508121,0.32338077270929555
C0003564,0.4798811156835848,0.5437003140797311,0.46667193235788806
C0037995,0.537557849768601,0.530933098398465,0.2740779478159041
C0242172,0.5333861475780896,0.5624347148412958,0.3881363225256746
C0033893,0.5503275384227766,0.5347894731063034,0.26118595113888676
C0021345,0.4268444444444444,0.4635308974521557,0.1913526540236251
C0020162,0.540339890406808,0.5380011507595865,0.3257790308777735
C0079035,0.45279063673683295,0.459676354957936,0.1783164578651917
C0178282,0.49170247933884303,0.4986956961735216,0.226651270755775
C0024205,0.5483742197706488,0.5262953894685884,0.2680556620994215
C0036508,0.5346691871455576,0.5232823386156803,0.27674800489083073
C0314719,0.5014067136855899,0.520485705785656,0.40563026192359103
C0024282,0.5335013652593993,0.5516886022461499,0.3293053183987638
C0007462,0.5042201410567696,0.534843281368371,0.37043597217959695
C0262578,0.4540444444444445,0.4735552053540312,0.21140105326669648
C0016242,0.5040325697647453,0.5210633763608625,0.37040397721451884
C0003708,0.4763533610945866,0.4850451182690748,0.21166673620203166
C0010055,0.5071513369890892,0.502414891517394,0.23077689398050294
C0282005,0.4032009849184365,0.47417792114734264,0.2145460426779211
C0149756,0.5292383614289458,0.5313840690445651,0.3347365033097758
C0013390,0.5375361995990199,0.5867549248494507,0.35337432350300757
C0042961,0.5174471992653811,0.5349493494140252,0.2844418772334895
C0014733,0.5048010973936901,0.5357286991267998,0.35521566141454924
C0149741,0.5505350772889418,0.5816129506088544,0.36569364163658774
C0009326,0.5605536332179931,0.5669607826095736,0.301481426177805
C0600327,0.4395775623268698,0.4681018006169081,0.20727007850310847
C0032305,0.4730730149513717,0.47468209847557175,0.19233484036303114
C0149778,0.5267999999999999,0.5606769616825323,0.3741287641782962
C0002884,0.4206074586697424,0.4796329599206398,0.19943744729648272
C0238154,0.4453542185831257,0.5264759342336522,0.25881312193690653
C0042907,0.48939298466708675,0.5424763029369455,0.31743858929824287
C0003126,0.5054664065957482,0.5104580701987192,0.3402432854558661
C0020565,0.47484950515253543,0.5072339650511449,0.2528653507016425
C0004095,0.4553352639786144,0.5048654329071997,0.24202519488334473
C0009324,0.5243049417943991,0.5277968534474415,0.27828685215496124
C0318712,0.459862668238261,0.4683634241588467,0.17492864434156094
C0034372,0.4904081632653061,0.5470808831165271,0.29821502663451166
C0033038,0.4910204081632653,0.5151676436766891,0.2569918387499139
C0028077,0.4185578856650388,0.47855562573702765,0.20564226193424542
C0259749,0.4856888888888889,0.49340501815495896,0.23258498201910105
C0002736,0.47078125000000004,0.4978122348589963,0.24265411553976318
C0015806,0.5525519031141869,0.5461027284090445,0.31138259559699927
C0178428,0.5116572148708254,0.5544871175065439,0.33508716081526724
C0040456,0.5289792387543253,0.533748643917299,0.2645865955963698
C0085655,0.49809268728187645,0.5232749429572633,0.31671132731430746
C0024198,0.4674012855831038,0.5054829081470791,0.2802306171376971
C0013274,0.5231533408107675,0.5151098543161559,0.3034472475969167
C0040485,0.4231301939058172,0.4555206480807801,0.15904273047822406
C0282488,0.49044693207642454,0.4810482453965211,0.1775711281917952
C0022575,0.5579338842975207,0.5654973553681037,0.38579168136870534
C0026896,0.48685722493536343,0.4865574219196266,0.21283725922457095
C0241353,0.5335648148148148,0.5160122140776557,0.23473825661737038
C0750876,0.46337259408216025,0.5282721566373703,0.2706918596744546
C0235660,0.4363664075598232,0.4541816243952776,0.1707617302440951
C0019212,0.4691460900837683,0.49334214423662837,0.25008138249268597
C0274435,0.5056018385521401,0.5216797130351162,0.286993611721315
C0003868,0.5207779785311936,0.530327279406445,0.3015514004036924
C0026948,0.4821284600913733,0.4901680294709492,0.22776026156485507
C0032273,0.44357422570309724,0.48427549002885956,0.21742056696179635
C0009410,0.4441157133464826,0.4566389673814825,0.18584506154071018
C0033845,0.453857421875,0.4961556476554998,0.2706313398548897
C0156369,0.44271751321903546,0.47520095003538626,0.1949896658601309
C0020258,0.4019970414201184,0.43865490223821246,0.16235134159579734
C0332687,0.5972339348962725,0.6424254008234296,0.4834902991540513
C0079102,0.5272222222222223,0.5659151229573047,0.37200744613576786
C0270629,0.5659013605442176,0.546438380678274,0.32604907492887153
C0016412,0.4385917764041924,0.5052892102639952,0.2708834997624105
C0003611,0.43563307676011587,0.45321196834542454,0.18995053815635166
C0152169,0.4637336504161712,0.4903310993802529,0.2299197457068999
C0040259,0.4388598414572441,0.46165172133195626,0.1796127366584026
C0036830,0.4545897248599951,0.46939693827996076,0.21165052037141316
C0011633,0.47828873577952247,0.5015481998485958,0.24257328801967
C0019284,0.4503785830178475,0.45997029016308155,0.16174741408492235
C0265031,0.5304056246619794,0.5059205840551826,0.18387320727584222
C0262414,0.49202806122448983,0.5698825364036744,0.34529801326687415
C1510471,0.47480867346938777,0.4678898327662653,0.21030074740299234
C0243010,0.5526315789473685,0.56451867459285,0.3436742494753885
C0190211,0.45523415977961434,0.4632268331312719,0.19396974236939676
C0042164,0.5635478637101136,0.5599068941870595,0.35949585541314044
C0011630,0.4814395654142146,0.49001521932283865,0.21742049504615502
C0040425,0.520108956897933,0.5388975829397045,0.31677895850895665
C0007078,0.5055747789311803,0.5498628542789875,0.3033750654910183
C0020619,0.47963970726215044,0.4742937901059746,0.19300201449879495
C0019294,0.5307253095143876,0.5623811460535666,0.3894841246626467
C1527407,0.4430473372781065,0.46828182919327394,0.19350858739107618
C0003872,0.4711415816326531,0.4756854904227389,0.20794120334973157
C0005687,0.5002295684113865,0.49555887095257334,0.21932114645138964
C0038220,0.5574408596255584,0.5593615617463787,0.3721618634256902
C0015645,0.5788536845852617,0.5721130496632241,0.3249213907982263
C0001818,0.4789684898929845,0.4906896133782564,0.2488697817995447
C0026780,0.5013888888888889,0.5247686967010227,0.27839006988441545
C0029936,0.46639231824417005,0.4969162394673676,0.22739404746930805
C0025160,0.490916955017301,0.5110586039459136,0.2481229619376918
C0038833,0.382568359375,0.4669042846810135,0.2227847668239641
C0035220,0.4263744713571703,0.4669062128938663,0.22131458023441936
C0085786,0.46201183431952664,0.4942960607243818,0.24775129810639507
C0006012,0.48525377229080935,0.4926877239337799,0.2520829003086485
C0155773,0.5691080353710112,0.5870401097580499,0.3947046997314536
C0004690,0.40606508875739644,0.4740374285930905,0.2038168354832651
C0023885,0.4446224903383919,0.4562289776084734,0.16951046509780388
C0262365,0.5682870370370371,0.5537712244807291,0.31025384594985334
C0038019,0.5485586011342155,0.5345809055771171,0.31750015589409614
C0158986,0.4792705416296701,0.5063130678125295,0.2656017057679715
C0085166,0.5906016375934496,0.5729832697037902,0.348632873677292
C0016665,0.5063888888888889,0.4965270560264533,0.26635523416200085
C0006846,0.5117065556711758,0.5002971864933046,0.24347694748402618
C0025637,0.5321745562130177,0.5415582194800045,0.2925297134451918
C0426636,0.5695252392568962,0.5861360539779656,0.40998276558856517
C0027430,0.45767928593413354,0.4962205099883224,0.22909263269078536
